id;nickname;freshman;email;phone_number;gender;slogan;description;home_page;latitude;longitude;address;services;create_date;update_date
1;"ilhv_k20x4yc6y7g";572;"3usw3c@91.yr.ixtzse";"378463861";F;Accounts Practical;bypassing Account;"mzrpy.yl/";Sleek Circuito;e-commerce Account;sincronizzata Buckinghamshire Generic;withdrawal;2021-04-08T09:17:39;2021-04-08T03:05:54
2;"we9m7m";58041;"to@w8fud.xllo";"065885747937552";F;Account Applications;Salad;"u5ec.davLOZu/";deposit;Steel primary COM;Dynamic;valore secondaria open-source;2021-04-07T22:02:57;2021-04-07T23:48:42
3;"2ljwp4e2dt";45553;"gf@2.orb.sy";"757088968092";F;reboot;supply-chains omogenea;".xw.oyyhsE9oCRsyE";Division Automotive;Refined calculate;violet Handcrafted espansa;firewall;2021-04-08T14:35:13;2021-04-07T20:22:03
4;"mk5";53814;"4bu@ndzg.iffkmg";"60321364468736";M;withdrawal Hat Peso;lime;"s2l-5.ff/";Generic;interattive SMTP Generic;system sexy Small;Fantastic metodologie;2021-04-08T00:12:57;2021-04-08T05:24:18
5;"zt1u";47301;"4q5xhi@t.xjh";"77942194266088";F;multi-laterale;Eritrea;"fr.nyj2azmD5mcU/";distributivi;Loan Metal;Strada Usability SAS;Industrial deposit XML;2021-04-08T13:42:45;2021-04-07T20:16:56
6;"stc0";6046;"dt@3b.-h.wwsw.";"4545228104896";F;reboot;Belgio exploit deploy;"http://5..tgrye/";Handmade Haiti array;Bolzano bluetooth Markets;indigo;navigate redundant Liechtenstein;2021-04-08T12:32:15;2021-04-08T06:20:47
7;"kqq3zykn1pkita";54491;".v2j1f@k.ljnqj";"636723034";M;Personal payment;override SMS asincrona;"http://.a7dh.rgwawiP/";Loan Tobago Padova;protocol Produttivit√†;coerente;invoice Avon Implementation;2021-04-08T09:33:23;2021-04-08T00:11:07
8;"rcyn_m08-fa6";63913;"5@qg.fpf";"0597551554";F;Personal;Bedfordshire Bike;"http://n86v5.ir.jfscl";Wooden Yuan Berkshire;digital;tan Assurance Plastic;sinergizzate Incrocio ibrida;2021-04-07T18:18:19;2021-04-08T06:40:22
9;"fuvnop-fcwaif";12054;"nu04@kq.kue";"5415090099";M;multi-byte migliorate Human;Beauty;"b06p2.ohtm-9U";withdrawal microchip Money;Chicken Fantastic migliorate;EXE SSL;Web Awesome bandwidth;2021-04-08T11:05:10;2021-04-07T22:55:19
10;"h0-";81044;"x0pg27@wgq.ukfi";"2542998734243";F;Strategia;sinergizzate Operations;"tz.lxuwZHeoPz3KB4/";bus bi-direzionale Berkshire;Future Burundi;Beauty quantify Ergonomic;migliorate Grocery Practical;2021-04-08T03:25:24;2021-04-08T04:00:25
